id,installed,locked,install_date,name,terminal_name,latitude,longitude,nbdocks,temporary
1,True,False,2012-02-08,Hill Row,00001,51.506157,-0.131834,10,False
2,True,False,2013-09-15,Strand Avenue,00002,51.496756,-0.08573,27,False
3,True,False,2010-04-10,Manor Bridge,00003,51.529085,-0.124309,18,False
4,True,False,2010-08-14,Strand Court,00004,51.539334,-0.108905,24,False
5,True,False,2012-04-04,Mill Lane,00005,51.514391,-0.052421,15,False
6,True,False,2013-03-20,Long Terrace,00006,51.542809,-0.045871,18,False
7,True,False,2012-03-22,Rose Bridge,00007,51.455147,-0.095327,27,False
8,True,False,2012-04-05,Mill Row,00008,51.465026,-0.183512,22,False
9,True,False,2010-02-20,Temple Avenue,00009,51.490555,-0.189082,27,False
10,True,False,2013-02-18,Earl Court,00010,51.491914,-0.221074,20,True
11,True,False,2012-01-02,45 Cross Way,00011,51.499081,0.019447,15,False
12,True,False,2010-06-22,17 New Place,00012,51.502111,-0.105546,35,False
13,True,False,2010-04-26,Manor Embankment,00013,51.524599,-0.173319,18,False
14,True,False,2010-09-16,Queen Court,00014,51.529671,-0.119574,24,False
15,True,False,2010-09-20,Great Road,00015,51.520089,-0.075252,10,False
16,True,True,2013-09-12,North Gardens,00016,51.497114,-0.145953,18,False
17,True,False,2011-10-07,Bond Road,00017,51.506376,-0.078259,20,False
18,True,False,2010-01-15,22 Fleet Row,00018,51.495321,-0.09219,27,False
19,True,False,2012-08-20,Dock Square,00019,51.519378,-0.118063,24,False
20,True,False,2013-11-07,East Place,00020,51.512374,-0.088903,27,False
21,True,False,2013-11-16,9 High Avenue,00021,51.497351,-0.116919,20,False
22,True,False,2011-04-07,Temple Way,00022,51.503402,-0.082029,24,False
23,True,False,2013-04-28,4 Fleet Square,00023,51.532462,-0.12158,15,False
24,True,False,2011-09-26,Temple Walk,00024,51.533929,-0.102242,20,False
25,True,False,2012-01-10,Albert Gardens,00025,51.518553,-0.055127,22,False
26,True,False,2013-11-21,Hill Lane,00026,51.553475,-0.070413,20,False
27,True,False,2010-02-06,Church Way,00027,51.460729,-0.09188,22,False
28,True,False,2012-07-15,Victoria Mews,00028,51.469493,-0.179139,20,False
29,True,False,2012-02-14,Rose Place,00029,51.504343,-0.194184,27,False
30,True,False,2011-01-28,Strand Row,00030,51.487666,-0.218702,15,False
31,True,False,2010-08-02,Earl Place,00031,51.498799,0.016889,18,False
32,True,False,2010-03-22,35 Mill Lane,00032,51.501993,-0.112696,15,False
33,True,False,2012-02-23,Temple Court,00033,51.517117,-0.18023,27,False
34,True,False,2010-03-13,Oxford Gardens,00034,51.532855,-0.122507,20,False
35,True,False,2011-04-14,Globe Row,00035,51.522474,-0.083513,35,False
36,True,False,2012-01-21,Lion Gardens,00036,51.493942,-0.141567,20,False
37,True,False,2011-06-21,17 Victoria Terrace,00037,51.503978,-0.082832,18,False
38,True,False,2011-11-04,Long Mews,00038,51.495078,-0.085767,18,False
39,True,False,2011-02-25,East Road,00039,51.518262,-0.113139,15,False
40,True,False,2013-09-28,26 New Walk,00040,51.518144,-0.098098,15,False
41,True,False,2012-05-11,36 Fleet Gate,00041,51.506305,-0.121147,10,False
42,True,False,2012-01-26,Cross Court,00042,51.498586,-0.08335,27,False
43,True,False,2012-08-18,North Way,00043,51.529991,-0.142807,27,False
44,True,False,2013-11-04,Lion Place,00044,51.545251,-0.103237,15,False
45,True,False,2013-09-28,Albert Gate,00045,51.519594,-0.03788,20,False
46,True,True,2011-11-30,Manor Row,00046,51.55878,-0.070853,15,False
47,True,False,2011-11-01,Old Gate,00047,51.471508,-0.107616,18,False
48,True,False,2012-08-29,Cross Gardens,00048,51.469956,-0.169228,15,False
49,True,False,2013-03-26,12 Temple Square,00049,51.506147,-0.199275,27,True
50,True,False,2012-06-03,Prince Passage,00050,51.480098,-0.233709,15,False
51,True,False,2011-10-29,Broad Embankment,00051,51.509134,0.020442,10,False
52,True,False,2010-08-15,Prince Way,00052,51.50441,-0.102233,15,False
53,True,False,2013-07-14,11 King Bridge,00053,51.51995,-0.184182,24,False
54,True,False,2011-10-14,East Passage,00054,51.53776,-0.121746,22,False
55,True,False,2012-10-05,47 Albert Terrace,00055,51.520898,-0.075262,20,False
56,True,False,2011-09-17,Green Bridge,00056,51.494947,-0.144344,22,False
57,True,False,2010-08-04,Wharf Street,00057,51.507118,-0.085244,20,False
58,True,False,2011-04-07,Duke Bridge,00058,51.497536,-0.090214,20,False
59,True,False,2012-12-06,West Row,00059,51.518102,-0.111686,20,False
60,True,False,2010-04-16,South Road,00060,51.516941,-0.097683,10,False
61,True,False,2011-08-30,Dock Street,00061,51.498336,-0.122719,27,False
62,True,False,2013-12-24,Park Road,00062,51.495474,-0.071039,18,False
63,True,False,2012-11-04,Cross Avenue,00063,51.538895,-0.144732,15,False
64,True,False,2010-07-26,Victoria Bridge,00064,51.546781,-0.085242,20,False
65,True,False,2012-07-11,High Avenue,00065,51.514387,-0.053973,10,False
66,True,False,2010-12-22,Earl Square,00066,51.547332,-0.072056,22,False
67,True,False,2011-04-29,Castle Court,00067,51.456162,-0.105835,27,False
68,True,False,2013-05-26,Water Lane,00068,51.468643,-0.179451,20,False
69,True,False,2011-01-14,Park Avenue,00069,51.506512,-0.184229,15,False
70,False,False,2011-02-10,Oxford Terrace,00070,51.490773,-0.234817,22,False
71,True,False,2011-11-04,South Embankment,00071,51.507137,0.023067,27,False
72,True,False,2013-11-16,Station Terrace,00072,51.503872,-0.105188,18,False
73,False,False,2013-06-09,North Walk,00073,51.51361,-0.184386,40,False
74,True,False,2013-03-17,Mill Court,00074,51.527018,-0.120002,27,True
75,True,False,2012-12-16,Crown Embankment,00075,51.516765,-0.07487,27,False
76,True,False,2010-01-07,Castle Terrace,00076,51.497353,-0.137702,24,False
77,True,False,2013-08-10,Green Row,00077,51.507701,-0.086435,27,False
78,True,False,2010-05-04,Church Embankment,00078,51.499206,-0.097186,24,False
79,True,False,2012-12-08,George Circus,00079,51.517264,-0.120085,24,False
80,True,False,2011-03-17,4 Old Road,00080,51.513344,-0.092692,10,False
81,True,False,2011-07-19,27 Mill Court,00081,51.509307,-0.122441,30,False
82,True,False,2011-03-14,33 Earl Bridge,00082,51.501135,-0.080231,15,False
83,False,False,2013-02-18,High Circus,00083,51.537545,-0.125201,20,False
84,True,False,2011-09-16,Water Avenue,00084,51.548051,-0.09031,15,False
85,True,False,2012-04-15,6 Long Walk,00085,51.505717,-0.021609,15,False
86,True,False,2011-10-18,19 Bond Bridge,00086,51.536274,-0.071094,24,False
87,True,False,2011-02-06,43 Prince Terrace,00087,51.455033,-0.112198,20,False
88,True,False,2013-06-14,16 North Square,00088,51.467618,-0.190888,20,False
89,True,True,2011-04-11,35 Cross Row,00089,51.490874,-0.188481,10,False
90,True,True,2010-12-03,31 George Embankment,00090,51.480563,-0.232234,22,False
91,True,False,2013-02-02,Old Mews,00091,51.505429,0.008255,18,False
92,True,False,2010-06-14,Castle Passage,00092,51.506893,-0.109577,27,False
93,True,False,2012-08-20,17 Old Walk,00093,51.513015,-0.184552,15,False
94,True,False,2010-03-29,7 Castle Square,00094,51.53668,-0.119311,24,True
95,True,False,2010-05-14,29 Victoria Circus,00095,51.516116,-0.070104,30,False
96,True,False,2011-03-07,Station Lane,00096,51.493354,-0.140865,27,False
97,True,False,2013-01-02,New Circus,00097,51.509117,-0.086195,20,False
98,True,False,2011-06-08,26 Cross Mews,00098,51.499884,-0.093711,27,False
99,True,False,2010-08-07,South Way,00099,51.51716,-0.112444,15,False
100,True,False,2011-08-26,Station Walk,00100,51.514121,-0.090604,20,False
101,True,False,2013-08-12,South Passage,00101,51.502689,-0.141862,27,False
102,True,False,2012-07-06,Temple Place,00102,51.490347,-0.070519,30,False
103,True,False,2013-09-27,Park Circus,00103,51.534955,-0.129956,15,False
104,True,False,2010-10-17,Bond Place,00104,51.533257,-0.092886,15,False
105,True,False,2012-02-02,Queen Way,00105,51.509042,-0.052569,18,False
106,True,False,2011-03-07,7 Station Road,00106,51.551313,-0.057657,24,False
107,True,False,2011-03-21,47 Old Road,00107,51.474647,-0.091175,22,False
108,True,False,2013-05-28,6 King Square,00108,51.463135,-0.194214,22,False
109,True,False,2013-10-06,30 Oxford Walk,00109,51.497287,-0.181,15,False
110,True,False,2013-07-07,Great Terrace,00110,51.495237,-0.230513,15,False
111,True,False,2010-04-19,12 Tower Gardens,00111,51.50437,0.009968,30,False
112,True,False,2010-09-24,22 Dock Passage,00112,51.503708,-0.106951,15,False
113,True,False,2010-08-18,13 Fleet Lane,00113,51.519207,-0.181884,15,False
114,True,False,2010-10-01,Wharf Bridge,00114,51.530805,-0.120426,27,False
115,True,False,2012-08-18,West Street,00115,51.522445,-0.079879,27,False
116,True,False,2011-02-14,32 New Gardens,00116,51.499466,-0.142744,40,False
117,True,False,2011-07-28,Church Way,00117,51.504066,-0.080516,18,False
118,True,False,2010-05-13,New Gate,00118,51.497198,-0.092908,15,False
119,True,False,2013-12-19,Cross Square,00119,51.52114,-0.111505,24,False
120,True,False,2012-11-24,Dock Circus,00120,51.519385,-0.091937,20,False
121,True,True,2010-07-11,7 Wharf Square,00121,51.499939,-0.131798,24,False
122,True,False,2010-09-09,43 Long Mews,00122,51.492967,-0.075546,24,False
123,True,False,2010-10-23,George Walk,00123,51.539471,-0.122242,24,False
124,True,False,2012-03-05,Tower Gate,00124,51.54251,-0.101988,24,False
125,True,False,2013-05-31,Baker Row,00125,51.513879,-0.022563,20,False
126,True,False,2010-01-31,Strand Mews,00126,51.541105,-0.043056,35,False
127,True,False,2011-11-06,32 Crown Circus,00127,51.464129,-0.108994,18,False
128,True,False,2010-01-11,Old Place,00128,51.467909,-0.194131,27,False
129,True,False,2010-08-13,47 Mill Gate,00129,51.492083,-0.190248,20,False
130,True,False,2013-07-15,24 Old Passage,00130,51.481254,-0.23155,24,False
131,False,False,2010-01-02,Earl Court,00131,51.503082,0.016044,24,False
132,True,False,2011-04-10,Temple Gardens,00132,51.505095,-0.10035,20,False
133,True,False,2010-12-10,Dock Passage,00133,51.522237,-0.172518,18,False
134,True,True,2011-02-14,5 Crown Mews,00134,51.527727,-0.114177,20,False
135,True,False,2012-08-10,Bond Place,00135,51.521422,-0.084477,15,False
136,True,False,2012-05-07,Oxford Road,00136,51.496773,-0.13817,24,False
137,True,False,2013-11-05,11 Manor Terrace,00137,51.506253,-0.084481,24,False
138,True,False,2010-09-20,49 George Embankment,00138,51.498762,-0.094022,24,False
139,True,False,2010-11-19,Mill Bridge,00139,51.520983,-0.119308,18,False
140,True,False,2012-05-28,46 Mill Street,00140,51.520285,-0.085789,20,False
141,True,False,2012-02-02,7 Albert Place,00141,51.507052,-0.128163,18,False
142,True,False,2013-05-11,Old Mews,00142,51.490016,-0.089693,15,False
143,True,False,2010-02-09,29 Dock Way,00143,51.529011,-0.139621,24,False
144,True,False,2013-06-10,Duke Bridge,00144,51.533523,-0.106633,18,False
145,True,False,2013-01-04,Lion Row,00145,51.51721,-0.051784,10,False
146,True,False,2013-04-11,Queen Road,00146,51.55631,-0.0486,40,False
147,True,False,2013-11-29,40 Wharf Passage,00147,51.473973,-0.100578,20,False
148,True,False,2013-12-04,Water Lane,00148,51.460963,-0.179534,15,False
149,True,False,2012-07-13,Queen Passage,00149,51.497356,-0.189212,30,False
150,True,False,2013-11-17,Church Bridge,00150,51.490223,-0.223455,18,False
151,True,False,2010-11-10,Market Row,00151,51.506677,0.012782,24,False
152,True,True,2010-06-01,Temple Street,00152,51.504182,-0.104966,20,True
153,True,False,2010-02-08,Wharf Road,00153,51.520845,-0.17656,27,True
154,True,False,2010-03-27,Station Row,00154,51.53544,-0.124047,22,False
155,True,False,2013-11-07,Manor Road,00155,51.519755,-0.070519,15,False
156,True,False,2012-11-30,North Way,00156,51.493708,-0.138268,40,False
157,True,False,2012-12-02,42 New Avenue,00157,51.503829,-0.078079,18,False
158,True,False,2012-09-02,Station Bridge,00158,51.497831,-0.097549,22,False
159,True,False,2012-01-18,West Avenue,00159,51.515715,-0.120045,10,False
160,True,False,2013-06-26,Fleet Gate,00160,51.512807,-0.086967,20,False
161,True,False,2012-02-02,Long Street,00161,51.50989,-0.116239,18,False
162,True,False,2010-04-12,41 Dock Street,00162,51.491763,-0.093504,20,False
163,True,False,2010-10-16,16 Wharf Gardens,00163,51.529073,-0.120781,18,False
164,True,False,2013-05-14,Strand Bridge,00164,51.5466,-0.085603,15,False
165,True,False,2013-06-13,Hill Embankment,00165,51.522978,-0.021128,20,False
166,True,False,2011-10-14,Park Walk,00166,51.536936,-0.047705,22,False
167,True,False,2010-03-01,Park Court,00167,51.474515,-0.109532,35,False
168,True,False,2013-08-25,Earl Place,00168,51.457927,-0.1801,22,False
169,True,False,2010-11-26,24 George Place,00169,51.505554,-0.176279,20,False
170,True,False,2010-08-25,New Gardens,00170,51.489729,-0.23043,24,False
171,True,False,2010-06-06,Hill Passage,00171,51.50924,0.008758,20,False
172,True,False,2012-05-15,36 Wharf Terrace,00172,51.503404,-0.107831,15,False
173,True,False,2013-04-15,40 Church Way,00173,51.518097,-0.171549,22,False
174,True,False,2013-09-19,Church Place,00174,51.536275,-0.118641,24,False
175,True,False,2011-05-26,23 Strand Way,00175,51.51954,-0.073951,24,False
176,True,False,2010-06-11,George Circus,00176,51.499263,-0.144729,15,False
177,True,False,2011-06-07,37 Victoria Embankment,00177,51.50918,-0.078592,20,False
178,True,False,2011-12-04,21 Globe Embankment,00178,51.493891,-0.091746,27,False
179,True,False,2011-11-14,12 Market Place,00179,51.520564,-0.118629,20,False
180,True,False,2013-08-08,Baker Terrace,00180,51.514728,-0.097382,18,False
181,True,False,2013-12-29,Earl Bridge,00181,51.503931,-0.118985,30,False
182,True,False,2011-10-21,West Way,00182,51.491217,-0.094605,20,False
183,True,False,2013-05-22,West Road,00183,51.531828,-0.125175,30,False
184,True,False,2012-06-16,Great Mews,00184,51.535362,-0.094843,22,False
185,True,False,2013-05-02,Church Road,00185,51.523986,-0.043885,15,False
186,True,False,2013-11-03,Church Embankment,00186,51.557832,-0.070098,15,False
187,True,False,2013-02-06,Manor Walk,00187,51.46365,-0.108674,20,True
188,True,False,2012-01-28,44 Station Street,00188,51.463568,-0.165207,27,False
189,True,False,2012-12-17,Victoria Avenue,00189,51.496688,-0.195279,20,False
190,True,False,2010-05-07,46 Station Square,00190,51.487413,-0.224916,24,False
191,True,False,2011-02-27,Crown Square,00191,51.500225,0.014277,30,False
192,True,False,2011-08-12,Oxford Mews,00192,51.501783,-0.112974,15,False
193,True,False,2010-11-04,Broad Lane,00193,51.52031,-0.173256,27,False
194,True,False,2010-06-27,Queen Bridge,00194,51.536409,-0.124496,15,False
195,True,False,2012-12-23,Rose Gate,00195,51.522137,-0.077088,24,False
196,True,False,2013-11-04,North Circus,00196,51.49652,-0.141937,27,False
197,True,False,2013-03-07,Wharf Place,00197,51.506662,-0.087172,24,False
198,True,False,2011-08-26,30 King Gate,00198,51.497468,-0.092891,30,False
199,True,False,2010-12-10,Rose Gardens,00199,51.52184,-0.109631,18,True
200,True,False,2012-04-02,New Gardens,00200,51.514202,-0.085762,10,True
201,True,False,2012-02-06,Station Street,00201,51.499739,-0.116646,18,False
202,True,False,2011-05-12,13 Station Passage,00202,51.497969,-0.075518,10,False
203,True,False,2011-10-19,Strand Lane,00203,51.537037,-0.133097,15,False
204,True,False,2013-04-20,Manor Gate,00204,51.541572,-0.106474,30,False
205,True,False,2012-02-10,49 Market Road,00205,51.507402,-0.057148,15,False
206,True,False,2012-02-02,Globe Terrace,00206,51.557054,-0.052654,20,False
207,True,False,2013-05-14,40 Hill Lane,00207,51.470931,-0.108482,18,False
208,True,False,2010-06-12,Crown Avenue,00208,51.466475,-0.189232,30,False
209,True,False,2012-06-20,31 Church Lane,00209,51.501194,-0.184742,24,False
210,True,False,2010-11-21,Cross Gate,00210,51.487363,-0.232832,24,False
211,True,False,2013-09-19,East Way,00211,51.507125,0.014451,30,False
212,True,False,2011-12-05,North Embankment,00212,51.500503,-0.107265,20,False
213,True,False,2011-09-23,32 Albert Road,00213,51.514351,-0.181746,24,False
214,True,False,2011-08-01,Strand Avenue,00214,51.527851,-0.113061,18,False
215,True,False,2013-01-08,Great Lane,00215,51.522341,-0.077497,40,False
216,True,False,2011-05-13,Crown Gate,00216,51.49484,-0.141011,20,False
217,False,False,2011-03-19,Great Square,00217,51.5067,-0.077507,40,False
218,True,False,2012-04-20,Great Court,00218,51.494884,-0.095187,20,False
219,True,False,2010-10-03,Great Terrace,00219,51.516645,-0.120219,20,False
220,True,False,2012-09-30,Queen Avenue,00220,51.512212,-0.093673,18,True
221,True,False,2012-06-04,Bond Court,00221,51.507429,-0.140338,20,False
222,True,False,2013-08-03,Old Mews,00222,51.490165,-0.090535,15,False
223,True,False,2011-03-15,Prince Circus,00223,51.544204,-0.132648,18,False
224,True,False,2012-07-11,High Terrace,00224,51.544228,-0.109539,22,False
225,True,False,2012-04-19,13 Rose Embankment,00225,51.5145,-0.035864,15,False
226,True,False,2012-01-27,46 Mill Circus,00226,51.558142,-0.067953,30,False
227,True,False,2010-03-30,27 Fleet Avenue,00227,51.473118,-0.090732,27,False
228,True,False,2010-04-20,New Embankment,00228,51.457304,-0.174108,27,False
229,True,False,2010-11-17,19 Oxford Place,00229,51.50745,-0.181672,20,False
230,True,False,2012-06-22,29 Prince Row,00230,51.495472,-0.225545,30,False
231,True,False,2011-08-30,Long Embankment,00231,51.499807,0.006768,10,False
232,True,False,2013-05-15,Water Gardens,00232,51.50592,-0.107199,35,False
233,True,False,2012-03-02,Manor Lane,00233,51.51836,-0.182875,10,False
234,True,False,2010-02-16,Church Terrace,00234,51.532263,-0.124967,20,True
235,True,True,2013-05-21,High Terrace,00235,51.517738,-0.078152,20,False
236,True,False,2010-05-27,South Walk,00236,51.495414,-0.142945,30,False
237,True,False,2012-12-12,North Bridge,00237,51.504994,-0.078187,40,False
238,True,False,2010-01-24,Oxford Avenue,00238,51.495354,-0.085185,27,False
239,True,False,2013-02-25,Prince Street,00239,51.517799,-0.120167,18,False
240,True,False,2011-01-13,North Gate,00240,51.517024,-0.080577,27,False
241,True,False,2011-03-17,35 Wharf Gate,00241,51.499628,-0.129078,10,False
242,True,False,2011-03-20,Park Square,00242,51.49272,-0.07813,18,False
243,True,False,2013-08-07,Tower Street,00243,51.537723,-0.139654,10,False
244,True,False,2010-08-09,Church Passage,00244,51.544942,-0.106731,22,False
245,True,False,2011-05-23,27 Tower Passage,00245,51.508257,-0.039233,22,True
246,True,False,2011-02-03,14 Baker Place,00246,51.537706,-0.066591,18,False
247,True,False,2012-05-25,2 Prince Circus,00247,51.461558,-0.112757,24,False
248,True,False,2013-01-21,Temple Road,00248,51.459719,-0.172912,30,False
249,True,False,2010-02-22,North Road,00249,51.495552,-0.176769,27,False
250,True,False,2013-11-30,42 Queen Court,00250,51.494386,-0.21994,18,False
251,True,False,2013-08-31,44 Green Street,00251,51.502713,0.013502,30,False
252,True,False,2010-08-10,Hill Street,00252,51.501802,-0.10746,22,False
253,True,False,2013-09-14,North Gate,00253,51.524607,-0.173229,15,False
254,True,False,2010-06-18,South Mews,00254,51.529161,-0.113267,24,False
255,True,False,2011-08-07,Church Square,00255,51.516473,-0.077316,15,False
256,True,False,2012-11-19,22 Fleet Way,00256,51.497113,-0.139383,15,False
257,True,False,2010-06-16,Temple Mews,00257,51.509457,-0.088684,30,False
258,True,False,2012-10-26,24 East Mews,00258,51.495913,-0.097149,10,False
259,True,False,2011-12-14,Lion Gate,00259,51.519244,-0.120684,30,False
260,True,False,2010-10-02,19 George Way,00260,51.514969,-0.098787,20,False
261,True,False,2013-01-31,Prince Gate,00261,51.498872,-0.128983,22,False
262,True,False,2013-03-14,Tower Terrace,00262,51.501905,-0.093532,40,False
263,True,False,2012-11-22,Mill Road,00263,51.540776,-0.132308,22,False
264,True,False,2013-06-10,8 Queen Circus,00264,51.547381,-0.109089,22,False
265,True,False,2010-05-02,Cross Road,00265,51.519076,-0.051826,24,False
266,True,False,2012-06-19,15 Prince Circus,00266,51.550263,-0.064233,24,False
267,True,False,2011-12-11,Oxford Square,00267,51.47013,-0.103209,18,False
268,True,False,2013-01-17,Globe Road,00268,51.468472,-0.165175,15,False
269,True,False,2012-12-24,2 Bridge Row,00269,51.498933,-0.177019,20,False
270,True,False,2011-12-29,King Terrace,00270,51.483566,-0.220659,20,False
271,True,False,2011-04-20,Globe Place,00271,51.506277,0.022365,10,False
272,True,False,2013-06-13,Victoria Gate,00272,51.505066,-0.114004,10,False
273,False,False,2010-02-10,Rose Terrace,00273,51.515051,-0.176776,20,False
274,True,False,2013-07-18,North Road,00274,51.526621,-0.121402,24,False
275,True,False,2013-06-16,Hill Gardens,00275,51.51965,-0.078067,18,False
276,True,False,2012-04-13,42 Bridge Gate,00276,51.493937,-0.139674,15,False
277,True,True,2010-04-15,Baker Road,00277,51.503314,-0.078779,24,False
278,True,False,2012-03-21,20 Green Avenue,00278,51.499939,-0.096136,22,False
279,True,False,2011-04-27,43 South Circus,00279,51.520446,-0.118538,30,False
280,True,False,2012-02-10,48 Market Road,00280,51.517374,-0.090258,10,False
281,True,False,2010-03-23,Albert Mews,00281,51.50601,-0.142092,10,False
282,True,False,2011-04-16,Cross Way,00282,51.500775,-0.080346,35,False
283,True,False,2012-02-27,34 North Lane,00283,51.540854,-0.120058,20,False
284,True,False,2011-02-21,Market Bridge,00284,51.54166,-0.09537,22,False
285,True,False,2012-02-10,Rose Row,00285,51.507024,-0.049074,24,False
286,True,False,2012-11-27,Park Circus,00286,51.55335,-0.04604,18,False
287,True,False,2013-09-03,8 Mill Passage,00287,51.462365,-0.113741,20,False
288,True,False,2011-07-14,Fleet Row,00288,51.460075,-0.171449,27,False
289,True,False,2013-12-18,Strand Mews,00289,51.497238,-0.198726,20,False
290,True,False,2013-10-19,East Walk,00290,51.48061,-0.217925,18,False
291,True,False,2011-01-07,Station Way,00291,51.504389,0.017846,15,False
292,True,False,2013-03-25,11 Queen Gate,00292,51.501587,-0.106771,22,False
293,True,False,2013-04-25,Bridge Gate,00293,51.523875,-0.171463,22,True
294,True,False,2013-03-24,Victoria Passage,00294,51.537497,-0.119459,10,False
295,True,False,2011-07-02,North Row,00295,51.517749,-0.077087,15,False
296,True,False,2012-10-08,27 Crown Gate,00296,51.496495,-0.140275,10,True
297,True,False,2011-04-17,Queen Walk,00297,51.507324,-0.079825,22,False
298,True,False,2012-03-25,Green Bridge,00298,51.499969,-0.099763,27,False
299,True,True,2013-05-05,15 George Mews,00299,51.520872,-0.120288,10,False
300,True,False,2012-07-19,Prince Way,00300,51.515344,-0.09668,24,False
301,True,False,2011-08-18,Dock Place,00301,51.508526,-0.142338,35,False
302,True,False,2013-02-22,Queen Lane,00302,51.501302,-0.09421,15,False
303,True,False,2011-01-31,Long Road,00303,51.536378,-0.125678,15,False
304,True,False,2010-08-06,Bridge Square,00304,51.54755,-0.08601,22,False
305,True,False,2011-12-26,Hill Circus,00305,51.509826,-0.056703,22,False
306,True,False,2013-12-19,Park Avenue,00306,51.540232,-0.046197,24,False
307,True,False,2012-08-28,West Street,00307,51.469588,-0.095031,40,False
308,True,False,2013-01-18,Prince Terrace,00308,51.461793,-0.167557,15,False
309,True,False,2013-03-22,Duke Circus,00309,51.494428,-0.18771,10,False
310,True,False,2010-06-27,North Way,00310,51.488051,-0.225034,20,False
311,True,False,2010-08-13,Water Square,00311,51.507607,0.022073,18,False
312,True,False,2010-12-10,Victoria Gate,00312,51.501786,-0.107333,30,False
313,True,False,2013-06-25,Temple Mews,00313,51.512418,-0.1791,20,False
314,True,False,2012-07-27,28 High Square,00314,51.531621,-0.113935,35,False
315,True,False,2011-09-10,Market Court,00315,51.522024,-0.081604,10,False
316,True,False,2012-12-17,East Square,00316,51.495872,-0.145985,15,True
317,True,False,2011-11-03,30 Oxford Place,00317,51.505091,-0.081674,15,False
318,True,False,2011-11-23,South Avenue,00318,51.493652,-0.087334,18,False
319,True,False,2012-11-23,Rose Street,00319,51.514263,-0.118846,10,False
320,True,False,2012-06-14,West Court,00320,51.518984,-0.086517,30,False
321,True,False,2013-05-13,Queen Street,00321,51.50057,-0.12474,15,True
322,True,False,2012-02-10,Long Bridge,00322,51.501311,-0.086132,18,False
323,True,False,2012-10-07,George Walk,00323,51.533974,-0.139584,20,False
324,True,False,2012-02-10,Duke Gate,00324,51.531503,-0.091504,22,False
325,True,False,2010-03-31,New Circus,00325,51.524965,-0.040301,15,False
326,True,False,2011-09-04,Baker Street,00326,51.539595,-0.069199,24,False
327,True,False,2012-06-09,46 Oxford Road,00327,51.466935,-0.104135,24,False
328,True,False,2013-04-01,Bond Passage,00328,51.461978,-0.1923,15,False
329,True,False,2011-06-27,26 Fleet Bridge,00329,51.502309,-0.183921,10,False
330,True,False,2010-04-04,29 Bridge Circus,00330,51.484416,-0.229764,24,False
331,True,False,2013-10-29,East Walk,00331,51.507781,0.011417,24,False
332,True,False,2010-06-02,Hill Court,00332,51.503677,-0.110234,15,False
333,True,False,2010-12-31,22 Dock Way,00333,51.512471,-0.175678,15,False
334,True,False,2012-03-13,16 George Lane,00334,51.532348,-0.129982,18,True
335,True,False,2013-12-03,44 Tower Lane,00335,51.52259,-0.083375,22,False
336,True,False,2011-10-01,Station Bridge,00336,51.499822,-0.145552,20,False
337,True,False,2010-03-26,Fleet Circus,00337,51.507541,-0.075481,22,False
338,True,False,2013-06-01,13 Market Lane,00338,51.497715,-0.093156,10,True
339,True,False,2011-08-25,Old Road,00339,51.515288,-0.112562,24,False
340,True,False,2013-07-11,Old Embankment,00340,51.514076,-0.088737,20,False
341,True,False,2012-08-27,Globe Square,00341,51.49319,-0.115401,15,False
342,True,False,2010-08-13,Church Mews,00342,51.504365,-0.073118,15,False
343,True,False,2012-08-15,High Square,00343,51.530669,-0.144705,27,False
344,True,False,2011-02-18,Strand Row,00344,51.540859,-0.101989,15,False
345,True,False,2010-11-15,Green Passage,00345,51.523612,-0.039771,24,False
346,True,False,2013-11-07,4 Tower Avenue,00346,51.537488,-0.053781,10,False
347,True,False,2012-03-12,East Mews,00347,51.471438,-0.107261,20,False
348,True,False,2012-12-24,14 Great Circus,00348,51.456471,-0.170977,10,False
349,True,False,2011-10-18,Manor Gardens,00349,51.491431,-0.181229,24,False
350,True,False,2010-12-09,Tower Terrace,00350,51.481648,-0.226846,24,False
351,True,False,2011-11-16,Broad Row,00351,51.499695,0.010339,20,False
352,True,False,2012-04-22,31 Rose Embankment,00352,51.506898,-0.104409,15,False
353,True,False,2013-11-25,Great Avenue,00353,51.517816,-0.173757,22,False
354,True,False,2011-11-05,Oxford Passage,00354,51.527171,-0.118328,20,False
355,True,False,2010-12-23,New Lane,00355,51.520184,-0.078371,20,False
356,True,False,2012-02-27,High Street,00356,51.498121,-0.142619,27,False
357,True,False,2010-12-31,14 Castle Walk,00357,51.507277,-0.080868,15,False
358,True,False,2012-03-09,Long Walk,00358,51.494437,-0.093196,30,False
359,True,False,2010-08-20,Manor Road,00359,51.517724,-0.121335,18,False
360,True,False,2012-09-13,Victoria Road,00360,51.519608,-0.087181,22,False
361,True,False,2010-08-10,Old Bridge,00361,51.497338,-0.123665,22,False
362,True,False,2011-04-29,Albert Passage,00362,51.492433,-0.086691,15,False
363,True,False,2012-10-07,George Terrace,00363,51.539711,-0.121401,10,False
364,False,False,2011-07-04,Oxford Street,00364,51.531136,-0.090577,15,False
365,True,False,2011-05-07,Bond Embankment,00365,51.51779,-0.030597,15,False
366,False,False,2011-11-12,4 Baker Street,00366,51.539653,-0.063389,30,False
367,True,False,2012-02-29,34 High Road,00367,51.469298,-0.09998,15,False
368,True,False,2012-12-13,34 King Way,00368,51.465661,-0.16554,27,False
369,True,False,2013-10-03,9 Bridge Passage,00369,51.494632,-0.187712,10,False
370,True,False,2012-03-19,Castle Square,00370,51.483511,-0.234329,22,False
371,True,False,2012-12-18,East Walk,00371,51.499852,0.023636,30,True
372,True,False,2010-05-20,Great Gate,00372,51.500438,-0.113358,24,False
373,True,False,2011-04-28,4 New Street,00373,51.521723,-0.179678,18,False
374,True,False,2012-08-04,15 Temple Embankment,00374,51.527668,-0.115459,20,False
375,True,False,2010-12-21,Baker Lane,00375,51.5167,-0.082536,18,False
376,True,False,2010-06-17,Bridge Lane,00376,51.499434,-0.144401,18,False
377,True,False,2011-02-07,Green Square,00377,51.5098,-0.081705,10,False
378,True,False,2013-05-11,35 Lion Lane,00378,51.493301,-0.09881,20,False
379,True,False,2013-11-02,Market Mews,00379,51.521612,-0.120037,22,False
380,True,False,2012-08-28,32 Albert Gardens,00380,51.516835,-0.089333,10,False
381,True,False,2011-09-25,7 George Terrace,00381,51.503858,-0.126146,18,False
382,True,False,2010-07-13,Bridge Walk,00382,51.497305,-0.070843,20,False
383,True,False,2011-11-20,3 Oxford Place,00383,51.54499,-0.127033,10,False
384,True,False,2013-06-21,15 Old Terrace,00384,51.540921,-0.094584,24,True
385,True,False,2013-03-15,Queen Lane,00385,51.513681,-0.031693,27,False
386,True,False,2010-12-21,4 Water Square,00386,51.540576,-0.041955,18,False
387,True,False,2010-10-08,Prince Place,00387,51.460847,-0.101981,15,False
388,True,False,2013-07-30,20 Queen Gardens,00388,51.463844,-0.172915,15,False
389,True,False,2012-09-16,Oxford Circus,00389,51.500091,-0.187985,18,False
390,True,False,2011-06-28,Old Embankment,00390,51.485665,-0.226742,15,False
391,True,False,2012-02-08,21 Hill Walk,00391,51.499958,0.015145,30,False
392,True,False,2010-10-23,Mill Court,00392,51.506457,-0.106648,20,False
393,True,False,2012-12-17,13 Earl Gate,00393,51.513798,-0.17452,30,False
394,True,False,2010-03-14,South Row,00394,51.533776,-0.128761,30,False
395,True,False,2012-02-26,33 Station Passage,00395,51.519542,-0.083488,20,False
396,True,False,2013-05-26,Bond Road,00396,51.498508,-0.147312,18,False
397,True,False,2012-11-27,Station Row,00397,51.506701,-0.088705,27,False
398,True,False,2011-04-26,West Gate,00398,51.493532,-0.091571,10,False
399,True,False,2012-10-17,Queen Row,00399,51.514323,-0.116899,24,False
400,True,False,2010-02-21,Crown Street,00400,51.517592,-0.09998,27,True
401,True,False,2011-02-25,19 Water Passage,00401,51.506461,-0.131466,24,False
402,True,False,2011-11-15,Globe Terrace,00402,51.494655,-0.070831,22,False
403,True,False,2012-04-03,Green Gardens,00403,51.543454,-0.121697,24,False
404,True,False,2011-12-29,31 High Walk,00404,51.544995,-0.09309,22,False
405,True,False,2011-08-31,Duke Embankment,00405,51.507583,-0.027346,20,True
406,True,False,2012-04-07,Broad Street,00406,51.551122,-0.049864,27,False
407,True,False,2013-08-30,Earl Gate,00407,51.469145,-0.090302,24,False
408,True,False,2010-06-10,New Row,00408,51.462813,-0.169612,20,False
409,True,False,2011-11-23,2 Water Street,00409,51.505077,-0.18789,15,False
410,True,False,2012-02-29,Duke Gardens,00410,51.490659,-0.231139,20,False
411,True,False,2010-06-17,Dock Lane,00411,51.503761,0.024953,27,False
412,True,False,2011-09-18,Fleet Way,00412,51.502047,-0.103013,22,False
413,True,False,2013-03-31,South Gardens,00413,51.514398,-0.1704,20,False
414,True,False,2010-07-24,Dock Way,00414,51.527685,-0.124473,20,False
415,True,False,2011-08-10,Globe Bridge,00415,51.52136,-0.07312,30,False
416,True,False,2011-11-17,Mill Passage,00416,51.498456,-0.144489,27,False
417,True,False,2010-01-07,22 King Square,00417,51.50918,-0.075731,15,True
418,True,False,2011-08-07,10 North Bridge,00418,51.494002,-0.096303,24,False
419,True,False,2010-08-22,Market Place,00419,51.519556,-0.116883,35,False
420,True,False,2013-08-28,Market Circus,00420,51.520355,-0.086631,24,False
421,True,False,2010-04-17,29 Great Way,00421,51.503181,-0.132529,27,False
422,True,False,2011-02-11,9 Duke Bridge,00422,51.490453,-0.074604,24,False
423,True,False,2013-06-27,16 Bridge Mews,00423,51.533055,-0.139745,18,False
424,True,False,2013-08-19,King Mews,00424,51.531146,-0.104683,24,False
425,True,False,2012-12-15,Queen Circus,00425,51.507572,-0.0448,22,False
426,True,False,2010-01-02,14 Church Gardens,00426,51.543051,-0.054997,24,False
427,True,False,2013-10-22,Victoria Place,00427,51.456891,-0.1063,20,False
428,True,False,2010-03-11,30 Temple Terrace,00428,51.463138,-0.173682,10,False
429,True,False,2011-04-29,33 East Road,00429,51.500333,-0.182892,24,False
430,True,False,2011-07-11,West Walk,00430,51.493651,-0.210194,27,False
431,True,False,2013-05-27,Castle Embankment,00431,51.505659,0.015299,27,False
432,True,False,2012-08-21,East Mews,00432,51.504967,-0.103646,22,False
433,True,False,2010-02-09,22 West Passage,00433,51.521422,-0.173063,15,False
434,True,False,2012-12-22,16 Broad Walk,00434,51.529002,-0.114225,10,False
435,False,False,2011-02-11,North Gardens,00435,51.518407,-0.081075,15,False
436,True,False,2010-11-21,Hill Passage,00436,51.494741,-0.147299,18,False
437,True,False,2013-03-02,Long Way,00437,51.507765,-0.077733,24,False
438,True,False,2012-02-06,18 Church Mews,00438,51.493595,-0.087458,30,False
439,True,False,2010-08-13,41 Cross Gardens,00439,51.519585,-0.118898,22,False
440,True,False,2011-04-02,4 George Street,00440,51.516153,-0.09453,15,False
441,True,False,2013-07-07,Earl Passage,00441,51.503703,-0.116929,15,False
442,True,False,2012-09-28,West Lane,00442,51.496417,-0.088004,24,True
443,True,False,2012-07-17,Church Square,00443,51.54029,-0.131375,30,False
444,True,False,2011-10-05,New Road,00444,51.539404,-0.102742,10,False
445,True,False,2011-07-01,King Circus,00445,51.517855,-0.033895,20,False
446,True,False,2011-06-20,Castle Mews,00446,51.5456,-0.065281,22,False
447,True,False,2012-09-13,44 Baker Way,00447,51.469125,-0.112964,18,False
448,True,False,2010-08-27,Long Way,00448,51.458861,-0.178296,15,False
449,True,False,2010-01-30,Queen Lane,00449,51.490035,-0.176177,24,False
450,True,False,2011-09-08,West Gate,00450,51.49754,-0.234017,30,False
451,True,False,2012-06-24,Earl Gate,00451,51.504278,0.023492,20,False
452,True,False,2010-05-22,Earl Court,00452,51.505672,-0.104427,24,False
453,True,False,2013-06-17,Lion Passage,00453,51.518647,-0.177882,20,False
454,True,False,2011-02-02,North Avenue,00454,51.533926,-0.122251,18,False
455,True,False,2013-08-21,Wharf Road,00455,51.521801,-0.082917,22,False
456,True,False,2011-06-10,Church Bridge,00456,51.494845,-0.143888,10,False
457,True,False,2013-06-04,11 King Gardens,00457,51.504245,-0.076774,30,False
458,True,False,2012-05-16,Church Street,00458,51.498004,-0.098966,30,False
459,True,False,2011-09-11,Temple Square,00459,51.515038,-0.112273,10,False
460,True,False,2012-07-02,26 North Gate,00460,51.521538,-0.0971,10,False
461,True,False,2011-10-06,Prince Circus,00461,51.504081,-0.14238,15,False
462,True,False,2012-11-17,Water Gate,00462,51.497001,-0.070239,20,True
463,True,False,2011-01-26,17 King Embankment,00463,51.529619,-0.13367,24,False
464,True,False,2011-02-22,8 Bridge Passage,00464,51.533683,-0.097617,22,True
465,True,False,2011-01-01,Manor Bridge,00465,51.516303,-0.038069,10,False
466,True,False,2012-10-15,Castle Passage,00466,51.542872,-0.043417,24,False
467,True,False,2012-08-16,27 Long Avenue,00467,51.462101,-0.098991,20,False
468,True,False,2010-07-17,High Embankment,00468,51.461636,-0.173627,20,False
469,True,False,2011-12-18,Hill Gate,00469,51.496601,-0.182062,20,False
470,True,False,2013-03-14,Mill Terrace,00470,51.497162,-0.225122,24,False
471,True,False,2013-01-28,Castle Embankment,00471,51.50747,0.010626,15,False
472,True,False,2012-08-05,Park Terrace,00472,51.500204,-0.108901,15,False
473,True,False,2010-02-02,Water Court,00473,51.521481,-0.180355,20,False
474,True,False,2010-11-09,10 New Terrace,00474,51.535178,-0.114953,18,False
475,True,False,2012-03-28,Old Terrace,00475,51.518065,-0.075119,30,False
476,True,False,2012-06-09,High Gardens,00476,51.499407,-0.141777,27,False
477,True,False,2011-12-07,North Court,00477,51.509056,-0.08523,27,False
478,True,False,2012-07-20,Lion Way,00478,51.494068,-0.092218,30,False
479,True,False,2012-01-05,Castle Lane,00479,51.518074,-0.121715,24,False
480,True,False,2010-02-15,3 North Way,00480,51.512335,-0.09234,24,False
481,True,False,2011-08-23,Water Way,00481,51.502143,-0.131859,10,False
482,True,True,2013-06-09,Wharf Court,00482,51.497857,-0.087994,22,False
483,True,False,2011-01-05,Dock Gate,00483,51.53712,-0.133511,40,False
484,True,False,2013-08-05,Church Embankment,00484,51.549717,-0.09365,15,False
485,True,False,2011-12-22,47 Wharf Lane,00485,51.521137,-0.055835,10,False
486,True,False,2013-07-30,Wharf Lane,00486,51.541995,-0.05683,15,False
487,True,False,2012-02-25,37 Queen Mews,00487,51.467289,-0.096345,10,False
488,False,False,2011-05-09,28 Mill Circus,00488,51.46174,-0.196028,24,False
489,True,False,2012-11-07,8 King Way,00489,51.490254,-0.191638,30,False
490,True,False,2012-12-05,Old Way,00490,51.497572,-0.234181,10,False
491,True,False,2011-11-05,Great Passage,00491,51.504444,0.018106,20,False
492,True,False,2013-03-14,North Circus,00492,51.500146,-0.112063,15,False
493,True,False,2012-04-26,West Way,00493,51.512918,-0.184543,18,False
494,True,False,2011-09-10,Strand Gardens,00494,51.53423,-0.120787,27,False
495,True,False,2011-08-14,25 King Avenue,00495,51.521648,-0.072063,27,True
496,True,False,2013-08-12,Rose Lane,00496,51.495488,-0.140614,15,False
497,True,False,2010-04-20,Wharf Avenue,00497,51.50359,-0.089021,27,False
498,True,False,2011-04-10,Globe Way,00498,51.496731,-0.089679,40,False
499,True,False,2012-07-05,Bridge Street,00499,51.516754,-0.10884,27,True
500,True,False,2012-05-10,Lion Passage,00500,51.518197,-0.081305,20,False
501,True,False,2010-03-27,Globe Gardens,00501,51.496426,-0.128471,27,False
502,True,False,2010-01-27,13 Oxford Row,00502,51.491014,-0.083149,10,False
503,True,False,2013-12-19,King Square,00503,51.530118,-0.130786,30,False
504,True,False,2010-12-16,33 Crown Embankment,00504,51.533658,-0.108291,30,False
505,True,False,2012-03-02,Cross Walk,00505,51.519834,-0.050289,35,False
506,True,False,2010-06-23,44 Tower Terrace,00506,51.549719,-0.069868,20,False
507,True,False,2012-02-02,47 Castle Mews,00507,51.469472,-0.110119,18,False
508,True,False,2012-02-25,South Lane,00508,51.468729,-0.189386,22,False
509,True,False,2010-09-21,Prince Bridge,00509,51.496468,-0.189023,15,False
510,True,False,2011-11-25,Rose Way,00510,51.48035,-0.228172,30,False
511,True,True,2013-10-26,8 Park Square,00511,51.498627,0.01985,27,False
512,True,False,2011-01-07,31 South Court,00512,51.502135,-0.112295,22,False
513,True,False,2013-08-09,Park Passage,00513,51.512388,-0.180378,20,False
514,True,False,2011-04-05,14 Market Gardens,00514,51.528835,-0.124665,30,False
515,True,False,2013-05-14,7 Church Court,00515,51.518669,-0.07766,35,False
516,True,False,2013-04-18,35 Long Circus,00516,51.49534,-0.146212,20,False
517,True,False,2013-07-31,Old Lane,00517,51.504224,-0.08773,40,False
518,True,False,2012-08-13,Earl Lane,00518,51.493283,-0.092565,15,False
519,True,False,2011-04-23,Tower Square,00519,51.519087,-0.110934,18,False
520,True,False,2010-01-24,49 Rose Avenue,00520,51.517249,-0.082991,18,False
521,True,False,2011-10-27,Bridge Embankment,00521,51.5061,-0.144434,20,False
522,True,False,2013-06-08,George Gardens,00522,51.492816,-0.076092,20,False
523,True,False,2012-03-04,38 Station Bridge,00523,51.535331,-0.137536,10,False
524,True,False,2012-09-11,34 Green Gate,00524,51.541158,-0.091895,22,False
525,True,False,2012-08-30,Rose Street,00525,51.515063,-0.056398,15,True
526,True,False,2013-12-01,35 Albert Place,00526,51.559741,-0.057728,18,False
527,True,True,2012-12-25,8 Water Embankment,00527,51.468666,-0.114959,24,False
528,True,False,2012-04-02,Baker Square,00528,51.469852,-0.191508,15,False
529,True,False,2011-10-01,43 Long Road,00529,51.500366,-0.192414,18,False
530,False,False,2012-09-16,Broad Embankment,00530,51.488806,-0.233117,27,False
531,True,False,2013-06-26,King Bridge,00531,51.504069,0.023255,15,False
532,True,False,2010-09-23,North Avenue,00532,51.506846,-0.108481,20,False
533,False,False,2012-11-14,Crown Gardens,00533,51.520472,-0.174501,15,False
534,True,False,2011-11-27,16 Queen Passage,00534,51.534102,-0.121594,15,False
535,True,False,2011-02-09,45 East Mews,00535,51.52257,-0.075421,22,False
536,True,False,2013-11-02,16 Broad Bridge,00536,51.494911,-0.142634,22,False
537,True,False,2010-01-02,Bond Lane,00537,51.504546,-0.08699,10,False
538,True,False,2011-10-23,Broad Way,00538,51.494506,-0.09535,27,False
539,True,False,2013-04-14,29 George Gate,00539,51.521057,-0.120497,24,False
540,True,False,2011-05-12,Wharf Mews,00540,51.516085,-0.083782,18,True
541,True,False,2010-07-13,21 Cross Lane,00541,51.497781,-0.125196,10,True
542,True,False,2011-02-14,Rose Gate,00542,51.501401,-0.076571,18,False
543,True,False,2013-06-01,Mill Passage,00543,51.532158,-0.126825,24,False
544,True,False,2011-01-13,Temple Terrace,00544,51.545515,-0.085562,20,False
545,True,False,2011-09-29,39 George Way,00545,51.508347,-0.046144,22,False
546,True,False,2010-08-05,Dock Place,00546,51.549759,-0.057269,20,False
547,True,False,2010-08-24,Earl Square,00547,51.461732,-0.094893,20,False
548,True,False,2011-03-03,34 High Walk,00548,51.46864,-0.173892,15,False
549,True,False,2010-02-23,Great Square,00549,51.495147,-0.19821,22,False
550,False,False,2011-11-24,Prince Way,00550,51.489536,-0.225897,20,False
551,True,False,2013-09-08,Green Way,00551,51.50402,0.015075,20,False
552,True,False,2010-01-25,Oxford Bridge,00552,51.5015,-0.104359,10,False
553,True,False,2012-08-15,Mill Walk,00553,51.513065,-0.180865,40,False
554,True,False,2012-09-26,7 Tower Walk,00554,51.536416,-0.12426,20,False
555,True,False,2012-03-25,Temple Avenue,00555,51.518211,-0.082278,27,True
556,True,False,2012-12-01,Crown Gate,00556,51.496238,-0.138223,22,False
557,True,False,2010-11-20,Park Mews,00557,51.507767,-0.082384,10,False
558,True,False,2012-08-28,Earl Way,00558,51.498002,-0.09588,20,False
559,True,False,2012-09-23,2 Victoria Circus,00559,51.520295,-0.109274,24,False
560,True,False,2012-08-02,Globe Lane,00560,51.512108,-0.097541,20,False
561,True,False,2010-07-19,Manor Terrace,00561,51.495344,-0.125323,15,False
562,True,False,2012-03-16,South Way,00562,51.491301,-0.071261,10,False
563,True,False,2010-10-27,6 Manor Mews,00563,51.541178,-0.128445,15,False
564,True,False,2012-01-29,Mill Embankment,00564,51.543918,-0.095388,15,False
565,True,False,2010-07-06,Crown Circus,00565,51.507995,-0.036127,27,False
566,True,False,2011-02-14,Broad Gate,00566,51.559993,-0.067124,18,False
567,True,False,2013-07-24,Tower Passage,00567,51.465127,-0.09278,18,False
568,True,False,2010-11-16,34 Victoria Square,00568,51.468192,-0.195741,15,False
569,True,False,2012-09-02,Water Lane,00569,51.504668,-0.181279,20,False
570,True,False,2011-12-10,33 Prince Place,00570,51.495836,-0.22314,24,False
571,True,False,2011-06-16,39 Water Bridge,00571,51.507451,0.010018,24,False
572,True,False,2010-03-13,Great Gate,00572,51.500373,-0.106072,27,False
573,True,False,2010-12-14,Old Bridge,00573,51.514962,-0.173873,15,False
574,True,True,2011-12-12,4 Duke Lane,00574,51.530331,-0.117136,15,False
575,True,False,2010-09-04,New Bridge,00575,51.518228,-0.084533,10,False
576,True,False,2013-03-31,High Walk,00576,51.496256,-0.145501,30,False
577,True,False,2013-09-04,10 Old Bridge,00577,51.50515,-0.085008,15,False
578,True,False,2011-11-19,48 High Square,00578,51.495488,-0.091068,18,False
579,True,False,2012-09-30,Fleet Street,00579,51.520135,-0.119667,27,False
580,True,False,2013-06-05,36 Great Gate,00580,51.517318,-0.095913,18,False
581,True,False,2013-07-07,North Court,00581,51.508631,-0.119802,22,False
582,True,False,2013-02-14,Queen Street,00582,51.49888,-0.094362,10,False
583,True,False,2010-09-13,38 South Gate,00583,51.531232,-0.122887,15,False
584,True,False,2010-08-21,High Gate,00584,51.534593,-0.089234,15,False
585,True,False,2012-01-13,Bond Court,00585,51.521336,-0.049013,22,False
586,True,False,2012-01-19,Bond Gardens,00586,51.538623,-0.042733,18,False
587,True,False,2011-08-05,Fleet Court,00587,51.461873,-0.103681,15,False
588,True,False,2010-04-29,21 Water Terrace,00588,51.457617,-0.179653,30,False
589,False,False,2013-01-12,Green Street,00589,51.495228,-0.189694,18,False
590,True,False,2012-09-12,Strand Row,00590,51.491582,-0.214302,18,False
591,True,False,2012-01-15,Baker Circus,00591,51.499976,0.010762,15,False
592,True,False,2011-08-18,Victoria Circus,00592,51.500817,-0.101104,10,False
593,True,False,2010-03-03,North Circus,00593,51.519206,-0.176712,15,False
594,True,False,2012-02-06,Market Way,00594,51.528102,-0.126049,20,False
595,True,False,2011-04-11,Bond Circus,00595,51.52035,-0.076556,18,False
596,True,True,2011-11-23,49 Bond Bridge,00596,51.49926,-0.144678,15,False
597,True,False,2012-01-02,King Gardens,00597,51.507127,-0.083172,30,False
598,True,False,2010-07-01,George Square,00598,51.495565,-0.088806,24,True
599,True,False,2012-01-07,1 Earl Avenue,00599,51.515395,-0.121321,20,True
600,True,False,2012-02-14,36 George Row,00600,51.518739,-0.098914,30,False
601,True,False,2011-01-27,George Row,00601,51.495081,-0.124752,20,False
602,True,False,2013-12-06,23 Market Gardens,00602,51.492582,-0.090744,10,False
603,True,False,2013-11-06,Bond Lane,00603,51.53567,-0.138872,20,True
604,True,False,2011-09-27,North Road,00604,51.535857,-0.106933,10,False
605,True,False,2010-12-11,Queen Road,00605,51.505089,-0.052281,30,False
606,True,False,2011-02-04,Green Road,00606,51.550673,-0.068555,22,False
607,True,False,2012-10-16,25 George Street,00607,51.464215,-0.098673,15,False
608,True,False,2013-07-02,Globe Circus,00608,51.467061,-0.17369,20,False
609,True,False,2012-12-04,Station Row,00609,51.500531,-0.196128,10,False
610,True,False,2013-04-19,Market Circus,00610,51.497214,-0.213119,20,False
611,True,False,2010-09-20,Crown Gate,00611,51.500133,0.019628,40,False
612,True,False,2012-06-07,Park Court,00612,51.503884,-0.110393,20,False
613,True,False,2010-05-16,41 Great Square,00613,51.519585,-0.170129,22,False
614,True,False,2010-09-26,48 Oxford Gate,00614,51.526147,-0.11862,18,False
615,True,False,2013-09-02,4 George Terrace,00615,51.520467,-0.079825,20,False
616,True,False,2012-05-29,46 Market Lane,00616,51.499047,-0.147506,30,False
617,True,False,2011-04-30,Mill Lane,00617,51.508198,-0.086299,27,False
618,True,False,2013-06-22,Cross Bridge,00618,51.495378,-0.099365,18,False
619,True,False,2012-07-03,Water Mews,00619,51.519329,-0.119147,24,False
620,True,False,2013-04-10,Great Gardens,00620,51.516167,-0.092725,10,False
621,False,False,2012-05-20,Park Passage,00621,51.509181,-0.132164,18,False
622,True,False,2011-01-09,Albert Gardens,00622,51.499753,-0.077955,15,False
623,True,False,2010-10-17,Manor Square,00623,51.541318,-0.140276,10,False
624,True,False,2011-11-09,Prince Street,00624,51.537754,-0.085541,20,False
625,True,False,2010-06-26,Manor Avenue,00625,51.505817,-0.032727,15,False
626,True,False,2011-01-26,East Mews,00626,51.540663,-0.046366,18,False
627,True,True,2013-12-30,Mill Lane,00627,51.455626,-0.091001,20,False
628,True,False,2013-04-08,North Gardens,00628,51.46469,-0.166727,22,False
629,True,False,2010-03-09,Manor Road,00629,51.497685,-0.181708,15,False
630,True,False,2011-08-12,48 Fleet Gardens,00630,51.494737,-0.216531,27,True
631,True,False,2010-09-12,Bridge Mews,00631,51.504894,0.01995,20,False
632,True,False,2012-12-16,37 Great Road,00632,51.500445,-0.10472,10,False
633,True,False,2013-10-10,30 Bridge Bridge,00633,51.518739,-0.183551,15,False
634,True,False,2010-01-01,5 Long Gate,00634,51.531411,-0.119684,18,False
635,True,False,2013-08-30,New Terrace,00635,51.522164,-0.082852,18,False
636,True,False,2013-05-24,16 Long Gardens,00636,51.494754,-0.136428,18,False
637,True,False,2010-09-03,Victoria Street,00637,51.509124,-0.084562,27,False
638,True,False,2011-12-06,Bridge Road,00638,51.496277,-0.095093,15,False
639,True,False,2013-09-21,34 Prince Way,00639,51.515996,-0.115988,30,False
640,True,False,2012-01-28,High Passage,00640,51.515431,-0.083171,27,False
641,True,False,2011-09-27,King Gate,00641,51.49928,-0.144968,22,False
642,True,False,2011-04-28,23 Old Lane,00642,51.499325,-0.078227,10,False
643,True,False,2011-01-14,33 Bridge Place,00643,51.533147,-0.136678,30,False
644,True,False,2010-04-01,8 Bridge Row,00644,51.534942,-0.093443,30,False
645,True,False,2013-12-05,Albert Road,00645,51.51152,-0.054874,27,False
646,True,False,2010-04-12,Castle Embankment,00646,51.543108,-0.049906,22,False
647,True,False,2010-01-14,Church Circus,00647,51.470823,-0.100385,22,False
648,True,False,2012-02-17,Green Road,00648,51.462125,-0.181392,30,False
649,True,False,2010-03-10,East Circus,00649,51.497725,-0.182274,18,False
650,True,False,2011-10-09,31 Strand Circus,00650,51.487928,-0.214109,18,True
651,True,False,2011-03-20,32 New Walk,00651,51.505292,0.019697,20,False
652,True,False,2010-09-22,South Square,00652,51.500793,-0.10497,10,False
653,True,False,2010-11-29,West Passage,00653,51.516882,-0.175659,10,False
654,True,False,2010-10-24,48 Prince Place,00654,51.531339,-0.119366,30,False
655,True,False,2010-11-03,3 Church Court,00655,51.51893,-0.084769,24,False
656,True,False,2010-11-30,Old Row,00656,51.498826,-0.140618,20,False
657,True,False,2013-06-20,South Row,00657,51.508281,-0.084449,15,True
658,True,False,2010-05-05,Strand Walk,00658,51.493489,-0.097071,20,False
659,True,False,2013-08-07,Queen Circus,00659,51.516329,-0.120266,10,False
660,True,False,2013-02-07,King Terrace,00660,51.519586,-0.089274,27,False
661,True,False,2010-11-24,6 Bond Bridge,00661,51.509711,-0.124419,27,False
662,True,False,2013-07-21,Temple Embankment,00662,51.490965,-0.093286,30,False
663,True,False,2012-12-31,Old Row,00663,51.533078,-0.138112,30,False
664,True,False,2012-11-16,Albert Square,00664,51.548281,-0.100481,27,False
665,True,False,2013-01-11,Green Gate,00665,51.508663,-0.021841,10,False
666,True,False,2012-09-21,25 Park Walk,00666,51.550237,-0.07,10,False
667,True,False,2011-06-08,King Mews,00667,51.4644,-0.104668,18,False
668,True,False,2012-10-30,34 High Square,00668,51.458642,-0.181554,20,False
669,True,False,2012-12-12,5 George Row,00669,51.507898,-0.188375,30,False
670,True,False,2013-02-01,44 Market Lane,00670,51.49476,-0.217732,22,False
671,True,False,2012-06-17,Lion Circus,00671,51.502754,0.013279,22,False
672,True,False,2012-01-12,26 North Passage,00672,51.500438,-0.103676,24,False
673,True,False,2011-08-22,Tower Gardens,00673,51.514625,-0.179739,27,False
674,True,False,2011-07-24,Castle Square,00674,51.527901,-0.117639,27,False
675,True,False,2013-06-30,Long Mews,00675,51.519846,-0.083554,20,False
676,True,False,2013-07-02,Albert Way,00676,51.494895,-0.141191,30,False
677,True,False,2013-05-13,13 Duke Gate,00677,51.509045,-0.089645,27,False
678,True,False,2012-08-01,Old Gardens,00678,51.497211,-0.09954,24,False
679,True,False,2010-06-24,29 New Bridge,00679,51.515026,-0.119268,15,False
680,True,False,2011-12-24,Temple Gardens,00680,51.513764,-0.08575,15,True
681,True,False,2013-05-23,42 Rose Walk,00681,51.49743,-0.140258,35,True
682,True,True,2013-05-12,Old Lane,00682,51.501657,-0.092085,10,False
683,True,False,2012-04-26,Manor Row,00683,51.541563,-0.133378,22,False
684,True,False,2011-01-21,Church Bridge,00684,51.54058,-0.103186,27,False
685,True,False,2011-11-28,George Walk,00685,51.514315,-0.059627,22,False
686,True,False,2010-12-28,Victoria Bridge,00686,51.536148,-0.040264,15,False
687,True,False,2013-03-12,Strand Row,00687,51.462875,-0.09861,22,False
688,True,False,2011-06-22,Albert Court,00688,51.455856,-0.17664,18,True
689,True,False,2012-09-02,21 Lion Court,00689,51.497744,-0.183973,18,False
690,True,False,2011-05-24,Duke Square,00690,51.485587,-0.21764,18,True
691,True,False,2011-06-14,48 New Avenue,00691,51.504425,0.024908,24,False
692,True,False,2011-05-07,Market Bridge,00692,51.503775,-0.102589,18,False
693,True,False,2013-11-29,Water Embankment,00693,51.518282,-0.183377,30,False
694,True,False,2012-03-21,23 West Court,00694,51.536335,-0.115261,22,False
695,True,False,2013-06-05,Albert Road,00695,51.521979,-0.073257,24,False
696,True,False,2011-11-09,Mill Passage,00696,51.493411,-0.146123,30,False
697,True,False,2010-10-28,8 Temple Passage,00697,51.50887,-0.076934,30,False
698,True,False,2013-07-03,Victoria Place,00698,51.493144,-0.085089,18,False
699,True,False,2013-04-22,Globe Gate,00699,51.514045,-0.11109,20,False
700,True,False,2011-06-17,42 Park Street,00700,51.516318,-0.089099,10,False
701,True,False,2013-04-25,20 Oxford Row,00701,51.508076,-0.125947,20,False
702,True,False,2010-02-10,46 Market Place,00702,51.494332,-0.091588,10,False
703,True,False,2010-06-20,42 Victoria Road,00703,51.534081,-0.143283,10,False
704,True,False,2011-05-24,West Row,00704,51.539832,-0.103962,10,False
705,True,False,2011-07-13,Hill Road,00705,51.524449,-0.045018,22,False
706,True,False,2013-11-12,Albert Row,00706,51.555879,-0.059963,15,False
707,True,False,2011-11-21,Prince Gate,00707,51.462653,-0.108471,24,True
708,True,False,2012-09-29,Park Lane,00708,51.455839,-0.187247,10,True
709,True,False,2011-03-05,Queen Gardens,00709,51.499626,-0.197084,24,False
710,True,False,2013-02-15,22 Manor Lane,00710,51.483429,-0.23042,15,False
711,True,False,2013-09-02,Queen Walk,00711,51.50728,0.011527,27,False
712,True,False,2010-01-06,14 East Way,00712,51.502958,-0.113545,30,False
713,True,False,2013-11-16,Broad Bridge,00713,51.519417,-0.171626,20,False
714,True,False,2011-09-14,Market Passage,00714,51.530706,-0.122294,24,False
715,True,False,2010-05-09,Park Passage,00715,51.516257,-0.077083,15,False
716,True,False,2013-01-28,7 Castle Avenue,00716,51.497277,-0.137923,20,False
717,True,False,2012-01-09,Oxford Street,00717,51.50622,-0.075153,22,False
718,True,False,2011-12-17,Wharf Street,00718,51.49577,-0.095651,10,False
719,True,False,2011-08-15,35 Crown Place,00719,51.515243,-0.114533,20,False
720,True,False,2011-12-10,Mill Row,00720,51.517097,-0.097731,20,False
721,True,False,2011-09-07,31 Hill Place,00721,51.506914,-0.13823,24,False
722,True,False,2010-05-14,25 Victoria Passage,00722,51.492659,-0.09407,30,False
723,True,False,2012-04-27,Mill Terrace,00723,51.542165,-0.139882,30,False
724,True,False,2012-11-17,7 Wharf Way,00724,51.534907,-0.087877,24,False
725,True,False,2013-04-11,23 Mill Passage,00725,51.505747,-0.058877,22,False
726,True,False,2010-03-28,Oxford Terrace,00726,51.55141,-0.048753,18,False
727,True,False,2012-01-01,Duke Gate,00727,51.466215,-0.102383,30,False
728,True,False,2013-03-20,Tower Gardens,00728,51.456975,-0.172139,18,False
729,True,False,2012-10-08,4 Market Walk,00729,51.499387,-0.195954,27,False
730,True,False,2010-04-07,Dock Lane,00730,51.495227,-0.211199,20,False
731,True,False,2011-07-02,43 South Walk,00731,51.500771,0.01257,22,False
732,True,False,2013-10-30,Victoria Road,00732,51.501749,-0.108447,20,False
733,True,False,2010-05-16,Old Embankment,00733,51.51638,-0.182736,30,False
734,True,False,2011-12-24,Station Court,00734,51.537456,-0.116913,27,False
735,True,False,2013-05-04,Bridge Gardens,00735,51.517915,-0.077502,20,False
736,True,False,2011-06-09,Water Mews,00736,51.493903,-0.13757,15,False
737,True,False,2010-10-26,32 High Embankment,00737,51.503361,-0.0754,18,False
738,True,False,2010-10-02,Bridge Bridge,00738,51.49794,-0.08692,15,False
739,True,False,2012-07-02,Station Court,00739,51.515613,-0.120087,15,False
740,True,False,2010-10-31,16 East Passage,00740,51.513555,-0.088863,10,False
741,True,False,2010-01-27,21 Mill Bridge,00741,51.509358,-0.138737,24,False
742,True,False,2010-06-22,High Avenue,00742,51.492362,-0.083756,24,False
743,True,False,2010-06-17,Market Gardens,00743,51.529363,-0.144437,20,False
744,True,False,2013-06-22,South Circus,00744,51.532182,-0.087084,20,False
745,True,False,2010-12-31,40 High Passage,00745,51.523218,-0.026481,15,False
746,True,False,2013-12-09,25 Cross Mews,00746,51.542383,-0.065037,24,False
747,True,False,2012-12-14,Crown Lane,00747,51.469257,-0.109376,18,False
748,True,False,2013-01-21,Rose Row,00748,51.46604,-0.166611,22,True
749,True,False,2010-12-27,Temple Way,00749,51.504226,-0.189409,24,False
750,True,False,2011-01-31,Wharf Square,00750,51.497532,-0.212787,10,False
751,True,False,2010-01-18,Temple Road,00751,51.499926,0.021958,20,False
752,True,False,2013-08-05,South Row,00752,51.502289,-0.106311,10,False
753,True,False,2010-09-19,Fleet Passage,00753,51.522223,-0.182773,15,False
754,True,False,2013-08-11,Bond Gate,00754,51.528527,-0.124529,10,False
755,True,False,2011-03-25,5 Duke Square,00755,51.516185,-0.077306,40,False
756,True,False,2012-01-09,Tower Street,00756,51.493861,-0.140955,30,False
757,True,False,2013-10-12,Strand Street,00757,51.504812,-0.077313,24,False
758,True,False,2011-07-11,Church Lane,00758,51.49355,-0.097601,15,False
759,True,False,2012-11-14,South Mews,00759,51.516822,-0.120346,24,False
760,True,False,2012-07-30,West Mews,00760,51.518993,-0.08935,20,False
761,True,False,2010-12-17,Bridge Passage,00761,51.509472,-0.116204,24,True
762,True,False,2011-08-18,26 Victoria Gardens,00762,51.504501,-0.073404,24,False
763,True,False,2010-05-17,Hill Terrace,00763,51.532155,-0.138315,10,False
764,True,False,2010-06-08,27 New Row,00764,51.544643,-0.10736,10,False
765,True,False,2013-10-05,Castle Lane,00765,51.507232,-0.020588,27,False
766,True,False,2010-01-19,Earl Bridge,00766,51.535072,-0.060023,22,False
767,True,False,2011-10-22,New Row,00767,51.468545,-0.113488,27,False
768,True,False,2012-12-10,41 Manor Embankment,00768,51.460791,-0.199171,18,True
769,True,False,2012-08-22,Great Walk,00769,51.5065,-0.192215,24,False
770,True,False,2012-11-11,East Passage,00770,51.490796,-0.21103,18,False
771,True,False,2010-01-17,24 Station Gate,00771,51.506588,0.021124,27,False
772,True,False,2011-09-29,Bridge Place,00772,51.504781,-0.112942,10,False
773,True,False,2013-03-18,East Square,00773,51.519719,-0.172633,30,False
774,True,False,2013-04-09,Dock Row,00774,51.526705,-0.113937,18,False
775,True,False,2011-05-15,Church Bridge,00775,51.519897,-0.081488,15,False
776,True,False,2010-08-14,Mill Lane,00776,51.497242,-0.146112,18,False
777,True,False,2010-02-01,South Bridge,00777,51.508179,-0.077391,20,False
778,True,False,2011-02-06,Park Square,00778,51.495726,-0.099481,22,False
779,True,False,2012-05-21,45 New Gate,00779,51.520369,-0.120624,27,False
780,True,False,2012-06-10,18 Strand Road,00780,51.512606,-0.099831,20,True
781,True,False,2011-06-13,Old Mews,00781,51.497607,-0.121678,10,False
782,True,False,2013-08-21,Lion Circus,00782,51.49066,-0.080223,18,False
783,True,False,2013-08-24,Oxford Place,00783,51.541936,-0.135202,20,False
784,True,False,2012-11-21,Temple Court,00784,51.540959,-0.101127,20,False
785,True,False,2011-05-26,Great Embankment,00785,51.515099,-0.041879,27,False
786,True,False,2013-10-21,38 Park Court,00786,51.550795,-0.055557,22,False
787,True,False,2013-02-02,Albert Square,00787,51.462592,-0.092876,35,False
788,True,False,2013-01-30,Queen Road,00788,51.459287,-0.188167,15,False
789,True,False,2011-06-27,25 Great Gardens,00789,51.501848,-0.176589,22,False
790,True,False,2011-01-30,31 West Circus,00790,51.493404,-0.222652,35,False
791,True,False,2012-10-22,Green Walk,00791,51.509801,0.022916,24,False
792,True,False,2013-05-02,West Avenue,00792,51.501552,-0.108737,40,False
793,True,False,2011-05-01,17 Bridge Avenue,00793,51.51638,-0.181499,15,False
794,True,False,2012-09-08,26 Duke Gardens,00794,51.532341,-0.123619,22,False
795,True,False,2012-11-23,25 West Terrace,00795,51.518451,-0.081603,18,False
